<?xml version="1.0" encoding="UTF-8"?>
<office:document-meta xmlns:office="urn:oasis:names:tc:opendocument:xmlns:office:1.0" xmlns:xlink="http://www.w3.org/1999/xlink" xmlns:dc="http://purl.org/dc/elements/1.1/" xmlns:meta="urn:oasis:names:tc:opendocument:xmlns:meta:1.0" xmlns:presentation="urn:oasis:names:tc:opendocument:xmlns:presentation:1.0" xmlns:ooo="http://openoffice.org/2004/office" xmlns:smil="urn:oasis:names:tc:opendocument:xmlns:smil-compatible:1.0" xmlns:anim="urn:oasis:names:tc:opendocument:xmlns:animation:1.0" xmlns:grddl="http://www.w3.org/2003/g/data-view#" xmlns:officeooo="http://openoffice.org/2009/office" xmlns:drawooo="http://openoffice.org/2010/draw" office:version="1.2"><office:meta><meta:creation-date>2009-04-16T11:32:32.86</meta:creation-date><meta:editing-duration>PT10M33S</meta:editing-duration><meta:editing-cycles>5</meta:editing-cycles><meta:generator>OpenOffice.org/3.4.1$Win32 OpenOffice.org_project/341m1$Build-9593</meta:generator><dc:date>2012-09-11T21:27:14.15</dc:date><meta:document-statistic meta:object-count="36"/></office:meta></office:document-meta>